Workbook

Sheet CG B
A1: Student
A2: rb | B2: Indeks | C2: Ime i prezime | D2: Tip | E2: Smjer | F2: RND | G2: Tema
A3: 1 | B3: 26 / 2023 | C3: Đikanović Sanja | D3: Red | E3: B | F3: 10 | G3: =VLOOKUP(F3,Teme!$A$2:$B$49,2,FALSE) -> Puzzle 15 – fifteen
A4: 2 | B4: 4 / 2022 | C4: Stojanović Aleksandra | D4: Red | E4: B | F4: 5 | G4: =VLOOKUP(F4,Teme!$A$2:$B$49,2,FALSE) -> Kakuro
A5: 3 | B5: 5 / 2022 | C5: Bošnjak Jovana | D5: Red | E5: B | F5: 22 | G5: =VLOOKUP(F5,Teme!$A$2:$B$49,2,FALSE) -> Industrial schema presentation
A6: 4 | B6: 17 / 2022 | C6: Čantić Emin | D6: Red | E6: B | F6: 25 | G6: =VLOOKUP(F6,Teme!$A$2:$B$49,2,FALSE) -> Igra brojki (4x1cif, 1x2cif, 1x3cif)
A7: 5 | B7: 24 / 2022 | C7: Asanovski Ana | D7: Red | E7: B | F7: 31 | G7: =VLOOKUP(F7,Teme!$A$2:$B$49,2,FALSE) -> Nanogram

Sheet CG C
A1: Student
A2: rb | B2: Indeks | C2: Ime i prezime | D2: Tip | E2: Smjer | F2: RND | G2: Tema
A3: 1 | B3: 51 / 2025 | C3: Vukmarković Tino | D3: Red | E3: C | F3: 15 | G3: =VLOOKUP(F3,Teme!$A$2:$B$49,2,FALSE) -> Sherolck
A4: 2 | B4: 52 / 2025 | C4: Šljukić Teodora | D4: Red | E4: C | F4: 20 | G4: =VLOOKUP(F4,Teme!$A$2:$B$49,2,FALSE) -> Mastermind
A5: 3 | B5: 53 / 2025 | C5: Polović David | D5: Red | E5: C | F5: 17 | G5: =VLOOKUP(F5,Teme!$A$2:$B$49,2,FALSE) -> Memory
A6: 4 | B6: 54 / 2025 | C6: Golubović Andrija | D6: Red | E6: C | F6: 25 | G6: =VLOOKUP(F6,Teme!$A$2:$B$49,2,FALSE) -> Igra brojki (4x1cif, 1x2cif, 1x3cif)
A7: 5 | B7: 55 / 2025 | C7: Đurović Ivana | D7: Red | E7: C | F7: 9 | G7: =VLOOKUP(F7,Teme!$A$2:$B$49,2,FALSE) -> 9 Men Morris (cica-mica)
A8: 6 | B8: 56 / 2025 | C8: Adžagić Alan | D8: Red | E8: C | F8: 16 | G8: =VLOOKUP(F8,Teme!$A$2:$B$49,2,FALSE) -> Matches (sibice)
A9: 7 | B9: 57 / 2025 | C9: Reales Lancharro Marcos | D9: Red | E9: C | F9: 6 | G9: =VLOOKUP(F9,Teme!$A$2:$B$49,2,FALSE) -> Osmosmjerka
A10: 8 | B10: 58 / 2025 | C10: Perez Castro Angel | D10: Red | E10: C | F10: 46 | G10: =VLOOKUP(F10,Teme!$A$2:$B$49,2,FALSE) -> Towers
A11: 9 | B11: 2 / 2024 | C11: Đonaj Mario | D11: Red | E11: C | F11: 31 | G11: =VLOOKUP(F11,Teme!$A$2:$B$49,2,FALSE) -> Nanogram
A12: 10 | B12: 3 / 2024 | C12: Joksimović Lana | D12: Red | E12: C | F12: 8 | G12: =VLOOKUP(F12,Teme!$A$2:$B$49,2,FALSE) -> Pipeline
A13: 11 | B13: 4 / 2024 | C13: Babaić Seid | D13: Red | E13: C | F13: 23 | G13: =VLOOKUP(F13,Teme!$A$2:$B$49,2,FALSE) -> Yamb
A14: 12 | B14: 6 / 2024 | C14: Berišaj Martina | D14: Red | E14: C | F14: 36 | G14: =VLOOKUP(F14,Teme!$A$2:$B$49,2,FALSE) -> Jigsaw
... A38: 36 | B38: 47 / 2020 | C38: Pehar Dragan | D38: Red | E38: C | F38: 28 | G38: =VLOOKUP(F38,Teme!$A$2:$B$49,2,FALSE) -> 3D - toolkit

Sheet CG D
A1: Student
A2: rb | B2: Indeks | C2: Ime i prezime | D2: Tip | E2: Smjer | F2: RND | G2: Tema
A3: 1 | B3: 1 / 2023 | C3: Ljumović Luka | D3: Red | E3: D | F3: 37 | G3: =VLOOKUP(F3,Teme!$A$2:$B$49,2,FALSE) -> Calculator game
A4: 2 | B4: 2 / 2023 | C4: Rajković Jovana | D4: Red | E4: D | F4: 17 | G4: =VLOOKUP(F4,Teme!$A$2:$B$49,2,FALSE) -> Memory
A5: 3 | B5: 4 / 2023 | C5: Milić Petar | D5: Red | E5: D | F5: 44 | G5: =VLOOKUP(F5,Teme!$A$2:$B$49,2,FALSE) -> Light Show
A6: 4 | B6: 5 / 2023 | C6: Terzić Aleksa | D6: Red | E6: D | F6: 11 | G6: =VLOOKUP(F6,Teme!$A$2:$B$49,2,FALSE) -> Pacman
A7: 5 | B7: 6 / 2023 | C7: Lekić Lazar | D7: Red | E7: D | F7: 7 | G7: =VLOOKUP(F7,Teme!$A$2:$B$49,2,FALSE) -> Ukrstene rijeci
A8: 6 | B8: 12 / 2023 | C8: Vujović Nikola | D8: Red | E8: D | F8: 31 | G8: =VLOOKUP(F8,Teme!$A$2:$B$49,2,FALSE) -> Nanogram
A9: 7 | B9: 16 / 2023 | C9: Vuković Kristijan | D9: Red | E9: D | F9: 1 | G9: =VLOOKUP(F9,Teme!$A$2:$B$49,2,FALSE) -> Sudoku classic
A10: 8 | B10: 18 / 2023 | C10: Vešović Nikola | D10: Red | E10: D | F10: 22 | G10: =VLOOKUP(F10,Teme!$A$2:$B$49,2,FALSE) -> Industrial schema presentation
A11: 9 | B11: 21 / 2023 | C11: Mazalica Ognjen | D11: Red | E11: D | F11: 35 | G11: =VLOOKUP(F11,Teme!$A$2:$B$49,2,FALSE) -> 3D Maze
A12: 10 | B12: 22 / 2023 | C12: Šabović Danilo | D12: Red | E12: D | F12: 8 | G12: =VLOOKUP(F12,Teme!$A$2:$B$49,2,FALSE) -> Pipeline
A13: 11 | B13: 24 / 2023 | C13: Vukotić Katarina | D13: Red | E13: D | F13: 9 | G13: =VLOOKUP(F13,Teme!$A$2:$B$49,2,FALSE) -> 9 Men Morris (cica-mica)
A14: 12 | B14: 26 / 2023 | C14: Bajović Nikolina | D14: Red | E14: D | F14: 41 | G14: =VLOOKUP(F14,Teme!$A$2:$B$49,2,FALSE) -> Space Invaders
... A20: 18 | B20: 16 / 2020 | C20: Ćalasan Jelena | D20: Red | E20: D | F20: 47 | G20: =VLOOKUP(F20,Teme!$A$2:$B$49,2,FALSE) -> Diamonds

Sheet Teme
A1: rb | B1: Tema
A2: 1 | B2: Sudoku classic
A3: 2 | B3: Sudoku X
A4: 3 | B4: Math Sudoku
A5: 4 | B5: Killer Sudoku
A6: 5 | B6: Kakuro
A7: 6 | B7: Osmosmjerka
A8: 7 | B8: Ukrstene rijeci
A9: 8 | B9: Pipeline
A10: 9 | B10: 9 Men Morris (cica-mica)
A11: 10 | B11: Puzzle 15 – fifteen
A12: 11 | B12: Pacman
A13: 12 | B13: XoX – 10 x 10, 5 in row wins
... A38: 37 | B38: Calculator game
A39: 38 | B39: 2048
A40: 39 | B40: 2048 (Threes)
A41: 40 | B41: Twenty 48 Solitaire (2048)
A42: 41 | B42: Space Invaders
A43: 42 | B43: POP4
A44: 43 | B44: Number Addict (Tetris + numbers)
A45: 44 | B45: Light Show
A46: 45 | B46: Logic puzzle – Classic
A47: 46 | B47: Towers
A48: 47 | B48: Diamonds
A49: 48 | B49: Sopstvena ideja
